{"test": {"14": {"acc": 10.0, "teacher/acc": 90.68, "loss": 12.521917953491212, "eval": 954.6107214355469}}, "train": {"14": {"acc": 10.0, "teacher/acc": 10.0, "loss": 0.0004699298363301636, "eval": 12.948986336398308}}, "epoch": 49, "train_step": 5865, "test_step": 1500}