{
  "0": {
    "test": {
      "acc": 89.46,
      "teacher/acc": 89.46,
      "loss": 3.358835600010934e-05,
      "eval": 0.8163203597068787
    }
  },
  "1": {
    "test": {
      "acc": 89.12,
      "teacher/acc": 89.12,
      "loss": 3.540207611877122e-05,
      "eval": 0.6965245008468628
    }
  },
  "2": {
    "test": {
      "acc": 89.26,
      "teacher/acc": 89.26,
      "loss": 3.377936889592093e-05,
      "eval": 0.903475821018219
    }
  },
  "3": {
    "test": {
      "acc": 88.9,
      "teacher/acc": 88.9,
      "loss": 3.6946235832147066e-05,
      "eval": 0.7375338673591614
    }
  },
  "4": {
    "test": {
      "acc": 89.23,
      "teacher/acc": 89.23,
      "loss": 3.541458936524577e-05,
      "eval": 0.7239177823066711
    }
  },
  "5": {
    "test": {
      "acc": 89.16,
      "teacher/acc": 89.16,
      "loss": 3.4357402746536536e-05,
      "eval": 1.0376390218734741
    }
  },
  "6": {
    "test": {
      "acc": 89.17,
      "teacher/acc": 89.17,
      "loss": 3.5302276410220655e-05,
      "eval": 0.6581994891166687
    }
  },
  "7": {
    "test": {
      "acc": 89.73,
      "teacher/acc": 89.73,
      "loss": 3.495314645988401e-05,
      "eval": 0.6069819927215576
    }
  },
  "epoch": 7,
  "train_step": 3128,
  "test_step": 800
}