{"0": {"test": {"acc": 90.9, "teacher/acc": 90.9, "loss": 2.9538802422734987e-07, "eval": 0.5499475002288818}}, "epoch": 0, "train_step": 391, "test_step": 100, "train": {"0": {"acc": 96.36, "teacher/acc": 98.22, "loss": 1.4264928890972787e-07, "eval": 0.13000813841133776}}, "test": {"0": {"acc": 90.63, "teacher/acc": 90.68, "loss": 2.907109910665895e-07, "eval": 0.5765232318639755}}}