{
  "0": {
    "test": {
      "acc": 90.96,
      "teacher/acc": 90.96,
      "loss": 0.001999193310039118,
      "eval": 0.5127878785133362
    }
  },
  "1": {
    "test": {
      "acc": 90.89,
      "teacher/acc": 90.89,
      "loss": 0.0020652812474872915,
      "eval": 0.5773781538009644
    }
  },
  "2": {
    "test": {
      "acc": 91.5,
      "teacher/acc": 91.5,
      "loss": 0.001958669514860958,
      "eval": 0.4554194211959839
    }
  },
  "epoch": 2,
  "train_step": 1173,
  "test_step": 300
}