{"test": {"399": {"acc": 93.34, "loss ": 0.5333141768723726}}, "train": {"399": {"acc": 99.846, "loss ": 0.004576285449115683}}, "epoch": 399, "train_step": 156400, "test_step": 40000}