{"0": {"test": {"acc": 90.9, "teacher/acc": 90.9, "loss": 2.9538802422734987e-07, "eval": 0.5499475002288818}}, "epoch": 0, "train_step": 391, "test_step": 100}