{"test": {"399": {"acc": 89.94, "loss ": 0.580561440885067}}, "train": {"399": {"acc": 99.544, "loss ": 0.013738890505045094}}, "epoch": 400, "train_step": 156400, "test_step": 40000}