{"test": {"0": {"acc": 87.8, "loss ": 0.737917133718729}}, "train": {"0": {"acc": 95.73, "loss ": 0.13063184726421181}}}