{"test": {"14": {"acc": 10.0, "teacher/acc": 90.68, "loss": 0.11138958580791951, "eval": 11.90957862854004}}, "train": {"14": {"acc": 10.0, "teacher/acc": 10.0, "loss": 0.00047592553713530437, "eval": 12.94952436725197}}, "epoch": 49, "train_step": 5865, "test_step": 1500}