{"test": {"0": {"acc": 70.16661275781621, "loss ": 2.391310101873438}}, "train": {}, "epoch": 1, "train_step": 0, "test_step": 1136}