{"test": {"0": {"acc": 67.62165621752565, "loss ": 2.4326125074073044}}, "train": {}, "epoch": 1, "train_step": 0, "test_step": 1136}