{"0": {"test": {"acc": 86.72, "teacher/acc": 86.72, "loss": 1.9213568378156796e+16, "eval": 0.46197593212127686}}, "1": {"test": {"acc": 86.58, "teacher/acc": 86.58, "loss": 95855900925.77203, "eval": 0.4820375442504883}}, "2": {"test": {"acc": 87.18, "teacher/acc": 87.18, "loss": 174443044151286.62, "eval": 0.4230344891548157}}, "3": {"test": {"acc": 86.98, "teacher/acc": 86.98, "loss": 3715.187015991211, "eval": 4.793996810913086}}, "4": {"test": {"acc": 86.71, "teacher/acc": 86.71, "loss": 3000.117569580078, "eval": 0.48984771966934204}}, "5": {"test": {"acc": 87.05, "teacher/acc": 87.05, "loss": 27697.703024902345, "eval": 1.773836374282837}}, "6": {"test": {"acc": 85.74, "teacher/acc": 85.74, "loss": 112995.56714233398, "eval": 0.501162052154541}}, "7": {"test": {"acc": 81.61, "teacher/acc": 81.61, "loss": 2878.8191162109374, "eval": 0.5845127701759338}}, "8": {"test": {"acc": 87.39, "teacher/acc": 87.39, "loss": 2217.5829223632813, "eval": 0.46067869663238525}}, "9": {"test": {"acc": 87.88, "teacher/acc": 87.88, "loss": 2146.959544067383, "eval": 0.4342745244503021}}, "epoch": 12, "train_step": 5083, "test_step": 1300, "10": {"test": {"acc": 86.91, "teacher/acc": 86.91, "loss": 2307.651092529297, "eval": 0.39991915225982666}}, "11": {"test": {"acc": 87.41, "teacher/acc": 87.41, "loss": 2165.6550622558593, "eval": 0.40967655181884766}}, "12": {"test": {"acc": 88.05, "teacher/acc": 88.05, "loss": 2177.868784790039, "eval": 0.5693674087524414}}}