{"test": {"14": {"acc": 9.69, "teacher/acc": 90.68, "loss": 0.49381345361471174, "eval": 47.552572898864746}}, "train": {"14": {"acc": 10.0, "teacher/acc": 10.0, "loss": 0.0003434201560529244, "eval": 12.95554440832504}}, "epoch": 49, "train_step": 6256, "test_step": 1600}