{"test": {"0": {"acc": 88.93, "teacher/acc": 90.68, "loss": 12962.151988765123, "eval": 444281.23615798}}, "train": {"0": {"acc": 93.038, "teacher/acc": 98.292, "loss": 0.008132749765901767, "eval": 0.2602531480152741}}}