{
  "0": {
    "test": {
      "acc": 22.85,
      "teacher/acc": 22.85,
      "loss": 187044019.51350075,
      "eval": 27.542461395263672
    }
  },
  "epoch": 31,
  "train_step": 12512,
  "test_step": 3200,
  "1": {
    "test": {
      "acc": 32.46,
      "teacher/acc": 32.46,
      "loss": 45412.733993682865,
      "eval": 96702.34375
    }
  },
  "2": {
    "test": {
      "acc": 46.63,
      "teacher/acc": 46.63,
      "loss": 2817.7775180721283,
      "eval": 1.406558632850647
    }
  },
  "3": {
    "test": {
      "acc": 53.12,
      "teacher/acc": 53.12,
      "loss": 377164969.40917814,
      "eval": 1.3340290784835815
    }
  },
  "4": {
    "test": {
      "acc": 49.39,
      "teacher/acc": 49.39,
      "loss": 1423167727.9091794,
      "eval": 1.382964015007019
    }
  },
  "5": {
    "test": {
      "acc": 58.1,
      "teacher/acc": 58.1,
      "loss": 5763532.205465818,
      "eval": 1.0740200281143188
    }
  },
  "6": {
    "test": {
      "acc": 57.99,
      "teacher/acc": 57.99,
      "loss": 7.442682161331176,
      "eval": 1.0799784660339355
    }
  },
  "7": {
    "test": {
      "acc": 63.25,
      "teacher/acc": 63.25,
      "loss": 281.1022933387756,
      "eval": 1.1699135303497314
    }
  },
  "8": {
    "test": {
      "acc": 65.48,
      "teacher/acc": 65.48,
      "loss": 829327.205769937,
      "eval": 0.9538336396217346
    }
  },
  "9": {
    "test": {
      "acc": 65.28,
      "teacher/acc": 65.28,
      "loss": 2421373.56824635,
      "eval": 0.80875563621521
    }
  },
  "10": {
    "test": {
      "acc": 64.16,
      "teacher/acc": 64.16,
      "loss": 6.756157479286194,
      "eval": 1.0989371538162231
    }
  },
  "11": {
    "test": {
      "acc": 67.97,
      "teacher/acc": 67.97,
      "loss": 5978521844.002934,
      "eval": 0.7567375898361206
    }
  },
  "12": {
    "test": {
      "acc": 66.81,
      "teacher/acc": 66.81,
      "loss": 498890.055427804,
      "eval": 0.8025818467140198
    }
  },
  "13": {
    "test": {
      "acc": 69.5,
      "teacher/acc": 69.5,
      "loss": 64821221135.78602,
      "eval": 0.7645247578620911
    }
  },
  "14": {
    "test": {
      "acc": 68.82,
      "teacher/acc": 68.82,
      "loss": 6.78226952791214,
      "eval": 0.9037328958511353
    }
  },
  "15": {
    "test": {
      "acc": 68.75,
      "teacher/acc": 68.75,
      "loss": 66629841249.86163,
      "eval": 0.7931095957756042
    }
  },
  "16": {
    "test": {
      "acc": 70.84,
      "teacher/acc": 70.84,
      "loss": 1089010.6268733812,
      "eval": 0.765597403049469
    }
  },
  "17": {
    "test": {
      "acc": 69.12,
      "teacher/acc": 69.12,
      "loss": 192005737027.39032,
      "eval": 0.8998587131500244
    }
  },
  "18": {
    "test": {
      "acc": 65.43,
      "teacher/acc": 65.43,
      "loss": 29474750.67609712,
      "eval": 0.8417927622795105
    }
  },
  "19": {
    "test": {
      "acc": 71.83,
      "teacher/acc": 71.83,
      "loss": 106846799120.15918,
      "eval": 1.4433186054229736
    }
  },
  "20": {
    "test": {
      "acc": 70.08,
      "teacher/acc": 70.08,
      "loss": 88220.1548512888,
      "eval": 0.9246662259101868
    }
  },
  "21": {
    "test": {
      "acc": 71.22,
      "teacher/acc": 71.22,
      "loss": 21163262094.287994,
      "eval": 0.765267550945282
    }
  },
  "22": {
    "test": {
      "acc": 71.74,
      "teacher/acc": 71.74,
      "loss": 5.450323493480682,
      "eval": 0.7435275912284851
    }
  },
  "23": {
    "test": {
      "acc": 71.97,
      "teacher/acc": 71.97,
      "loss": 3.8496337506693286e+17,
      "eval": 0.7245205044746399
    }
  },
  "24": {
    "test": {
      "acc": 73.52,
      "teacher/acc": 73.52,
      "loss": 21.72940699338913,
      "eval": 0.8553562760353088
    }
  },
  "25": {
    "test": {
      "acc": 74.27,
      "teacher/acc": 74.27,
      "loss": 5.12699583530426,
      "eval": 1.040143609046936
    }
  },
  "26": {
    "test": {
      "acc": 72.8,
      "teacher/acc": 72.8,
      "loss": 7.406398932933808,
      "eval": 0.8051687479019165
    }
  },
  "27": {
    "test": {
      "acc": 73.48,
      "teacher/acc": 73.48,
      "loss": 5.519701390266419,
      "eval": 0.7950193881988525
    }
  },
  "28": {
    "test": {
      "acc": 73.15,
      "teacher/acc": 73.15,
      "loss": 5.233552782535553,
      "eval": 0.746309757232666
    }
  },
  "29": {
    "test": {
      "acc": 73.46,
      "teacher/acc": 73.46,
      "loss": 5.075180757045746,
      "eval": 0.7451395988464355
    }
  },
  "30": {
    "test": {
      "acc": 71.32,
      "teacher/acc": 71.32,
      "loss": 5.58045521736145,
      "eval": 0.8546751141548157
    }
  },
  "31": {
    "test": {
      "acc": 75.57,
      "teacher/acc": 75.57,
      "loss": 41082022.82557048,
      "eval": 0.8279133439064026
    }
  }
}