{"test": {"14": {"acc": 10.0, "teacher/acc": 90.68, "loss": 0.7751114732027053, "eval": 67.35607093811035}}, "train": {"14": {"acc": 10.0, "teacher/acc": 10.0, "loss": 0.0005725435500242807, "eval": 12.96689167169049}}, "epoch": 49, "train_step": 4692, "test_step": 1200}