{"test": {"14": {"acc": 10.0, "teacher/acc": 90.68, "loss": 28.254843158721926, "eval": 1634.011173095703}}, "train": {"14": {"acc": 10.0, "teacher/acc": 10.002, "loss": 0.5804580703110951, "eval": 12.94378232590073}}, "epoch": 49, "train_step": 4692, "test_step": 1200}