{"0": {"test": {"acc": 89.46, "teacher/acc": 89.46, "loss": 801347829.7626878, "eval": 0.5403854250907898}}, "1": {"test": {"acc": 89.13, "teacher/acc": 89.13, "loss": 216357232.64260167, "eval": 0.4549233913421631}}, "2": {"test": {"acc": 89.51, "teacher/acc": 89.51, "loss": 0.0026136083609890194, "eval": 0.47471362352371216}}, "3": {"test": {"acc": 89.53, "teacher/acc": 89.53, "loss": 77686394.88255504, "eval": 0.5590171217918396}}, "4": {"test": {"acc": 89.69, "teacher/acc": 89.69, "loss": 0.002575225579785183, "eval": 0.4708559513092041}}, "5": {"test": {"acc": 89.25, "teacher/acc": 89.25, "loss": 220235059.202554, "eval": 0.6203701496124268}}, "6": {"test": {"acc": 88.92, "teacher/acc": 88.92, "loss": 0.0026388999144546688, "eval": 0.49478137493133545}}, "7": {"test": {"acc": 89.06, "teacher/acc": 89.06, "loss": 108415170.5625899, "eval": 0.5139347910881042}}, "8": {"test": {"acc": 88.93, "teacher/acc": 88.93, "loss": 1722092257.2832282, "eval": 0.3916610777378082}}, "9": {"test": {"acc": 89.04, "teacher/acc": 89.04, "loss": 0.0028542064421344547, "eval": 0.5703815221786499}}, "10": {"test": {"acc": 89.15, "teacher/acc": 89.15, "loss": 128867932.16273123, "eval": 0.4514968991279602}}, "11": {"test": {"acc": 89.28, "teacher/acc": 89.28, "loss": 68547865.60257861, "eval": 0.5815402269363403}}, "12": {"test": {"acc": 89.34, "teacher/acc": 89.34, "loss": 0.002676476257620379, "eval": 0.3636724054813385}}, "13": {"test": {"acc": 89.48, "teacher/acc": 89.48, "loss": 279513804.80267394, "eval": 0.4968942701816559}}, "14": {"test": {"acc": 89.83, "teacher/acc": 89.83, "loss": 0.0024739600368775426, "eval": 0.3673553168773651}}, "epoch": 27, "train_step": 10948, "test_step": 2800, "15": {"test": {"acc": 89.28, "teacher/acc": 89.28, "loss": 11812327.682604736, "eval": 0.49212944507598877}}, "16": {"test": {"acc": 89.56, "teacher/acc": 89.56, "loss": 0.0026685834769159555, "eval": 0.38732823729515076}}, "17": {"test": {"acc": 89.73, "teacher/acc": 89.73, "loss": 0.00259363432880491, "eval": 0.4443240761756897}}, "18": {"test": {"acc": 89.48, "teacher/acc": 89.48, "loss": 0.0026579045096877963, "eval": 0.40285396575927734}}, "19": {"test": {"acc": 89.54, "teacher/acc": 89.54, "loss": 0.0026298052340280264, "eval": 0.7079148292541504}}, "20": {"test": {"acc": 89.69, "teacher/acc": 89.69, "loss": 0.00254255689564161, "eval": 0.4427863657474518}}, "21": {"test": {"acc": 89.61, "teacher/acc": 89.61, "loss": 104448634.88249458, "eval": 0.5306249856948853}}, "22": {"test": {"acc": 89.62, "teacher/acc": 89.62, "loss": 0.0025307141279336063, "eval": 0.7697573304176331}}, "23": {"test": {"acc": 89.69, "teacher/acc": 89.69, "loss": 0.002539825103012845, "eval": 0.5751028656959534}}, "24": {"test": {"acc": 89.73, "teacher/acc": 89.73, "loss": 0.0025254687119740994, "eval": 0.5319132804870605}}, "25": {"test": {"acc": 89.05, "teacher/acc": 89.05, "loss": 0.00376459562103264, "eval": 0.6452314257621765}}, "26": {"test": {"acc": 89.37, "teacher/acc": 89.37, "loss": 0.00283031944418326, "eval": 0.7503255605697632}}, "27": {"test": {"acc": 89.86, "teacher/acc": 89.86, "loss": 3.4356874993315434, "eval": 0.8438350558280945}}}