,test_acc,test_teacher/acc,test_loss,test_eval,train_acc,train_teacher/acc,train_loss,train_eval,epoch,lambda,layer
0,89.72,90.68,56.20999706268311,0.5471207973361015,97.348,98.112,52.95156081802095,0.08596940523446978,76,1.0,3
1,89.61,90.68,865.1066143798828,0.5941560496389866,94.776,98.24,759.9881495014786,0.19602067470359985,97,1.0,4
2,91.53,90.68,0.0031227675569243728,0.43772932291030886,97.126,98.254,0.0015127703955675692,0.09561060463576138,97,1.0,5
3,91.24,90.68,11.828235874176025,0.4756131167709827,97.21,98.212,13.938646445798751,0.09012430002126852,89,1.0,2
4,91.41,90.68,0.0029598758777137847,0.43762964323163034,97.334,98.292,0.0015901566001936755,0.08710639183993077,93,1e-05,2
5,91.26,90.68,0.012619441403076052,0.46727158218622206,96.668,98.188,0.010260319927959796,0.11566565874154153,81,1e-05,4
6,91.24,90.68,0.00353597346926108,0.4581121522188187,97.222,98.182,0.0022592705045052616,0.09104282872708482,96,1e-05,3
7,90.99,90.68,0.0027975788980256766,0.46612934485077856,97.126,98.254,0.0013124400870683972,0.09534639481197843,85,1e-05,5
