{"test": {"14": {"acc": 10.02, "teacher/acc": 90.68, "loss": 6.682787697785979, "eval": 500.14765842705015}}, "train": {"14": {"acc": 10.0, "teacher/acc": 10.0, "loss": 0.09263209523180561, "eval": 12.96736716126542}}, "epoch": 49, "train_step": 12512, "test_step": 2512}