{"test": {"14": {"acc": 7.9, "teacher/acc": 90.68, "loss": 4.060998553683044, "eval": 284.50837600610816}}, "train": {"14": {"acc": 10.0, "teacher/acc": 10.002, "loss": 0.015668313924099325, "eval": 12.969503618567192}}, "epoch": 49, "train_step": 1564, "test_step": 314}