{"test": {"0": {"acc": 76.66251453818467, "loss ": 2.171687762830144}}, "train": {}, "epoch": 1, "train_step": 0, "test_step": 1136}