{
  "0": {
    "test": {
      "acc": 89.76,
      "teacher/acc": 89.76,
      "loss": 3.4107136517763137,
      "eval": 0.7868959307670593
    }
  },
  "1": {
    "test": {
      "acc": 91.09,
      "teacher/acc": 91.09,
      "loss": 2.56501630961895,
      "eval": 0.4067170023918152
    }
  },
  "2": {
    "test": {
      "acc": 91.21,
      "teacher/acc": 91.21,
      "loss": 2.8488836789131167,
      "eval": 0.5705528855323792
    }
  },
  "epoch": 4,
  "train_step": 1955,
  "test_step": 500,
  "3": {
    "test": {
      "acc": 90.82,
      "teacher/acc": 90.82,
      "loss": 2.85392668902874,
      "eval": 0.6092096567153931
    }
  },
  "4": {
    "test": {
      "acc": 91.25,
      "teacher/acc": 91.25,
      "loss": 2.5997651588916777,
      "eval": 0.41022244095802307
    }
  }
}