{"test": {"14": {"acc": 9.77, "teacher/acc": 90.68, "loss": 0.11252562940120697, "eval": 13.105024309158326}}, "train": {"14": {"acc": 10.0, "teacher/acc": 10.0, "loss": 0.00018748685711925692, "eval": 12.97064055323296}}, "epoch": 49, "train_step": 4301, "test_step": 1100}