{"0": {"test": {"acc": 92.07, "teacher/acc": 92.07, "loss": 2.0142919396448633e-07, "eval": 0.3861343264579773}}, "epoch": 0, "train_step": 782, "test_step": 200, "train": {"0": {"acc": 98.154, "teacher/acc": 98.264, "loss": 7.386385713925382e-08, "eval": 0.0551149020700351}}, "test": {"0": {"acc": 91.9, "teacher/acc": 90.68, "loss": 2.0328895772081524e-07, "eval": 0.40385671958327296}}}