{"test": {"0": {"acc": 91.66, "teacher/acc": 90.68, "loss": 2.408575624031073e-05, "eval": 0.41932240143418315}}, "train": {"0": {"acc": 97.544, "teacher/acc": 98.33, "loss": 1.1754197560169924e-05, "eval": 0.0816025671041797}}}