{"test": {"14": {"acc": 10.0, "teacher/acc": 90.68, "loss": 23.41174620628357, "eval": 1929.038048095703}}, "train": {"14": {"acc": 10.0, "teacher/acc": 10.0, "loss": 0.0005136515521366969, "eval": 12.935296280609677}}, "epoch": 49, "train_step": 5474, "test_step": 1400}