{"test": {"14": {"acc": 10.0, "teacher/acc": 90.68, "loss": 0.10319295778870582, "eval": 10.690781383514404}}, "train": {"14": {"acc": 10.0, "teacher/acc": 10.0, "loss": 0.00029046460658626255, "eval": 12.969593162731746}}, "epoch": 49, "train_step": 4301, "test_step": 1100}