{"0": {"test": {"acc": 89.34, "teacher/acc": 89.34, "loss": 2217.869744873047, "eval": 0.6673684120178223}}, "1": {"test": {"acc": 89.88, "teacher/acc": 89.88, "loss": 2060.8154095458985, "eval": 0.3570861518383026}}, "2": {"test": {"acc": 89.91, "teacher/acc": 89.91, "loss": 2237.1451751708983, "eval": 0.20728494226932526}}, "3": {"test": {"acc": 89.62, "teacher/acc": 89.62, "loss": 2336.6304028320315, "eval": 0.3152884244918823}}, "4": {"test": {"acc": 89.53, "teacher/acc": 89.53, "loss": 2360.951746826172, "eval": 0.35657504200935364}}, "5": {"test": {"acc": 90.12, "teacher/acc": 90.12, "loss": 2164.723259277344, "eval": 0.5583178400993347}}, "6": {"test": {"acc": 89.79, "teacher/acc": 89.79, "loss": 2273.0233502197266, "eval": 0.32495322823524475}}, "7": {"test": {"acc": 89.13, "teacher/acc": 89.13, "loss": 2318.5750048828127, "eval": 0.4188217520713806}}, "8": {"test": {"acc": 89.27, "teacher/acc": 89.27, "loss": 2462.563474121094, "eval": 0.491926908493042}}, "9": {"test": {"acc": 89.75, "teacher/acc": 89.75, "loss": 2226.4806384277344, "eval": 0.2888295352458954}}, "10": {"test": {"acc": 89.23, "teacher/acc": 89.23, "loss": 2358.8462335205077, "eval": 0.42220786213874817}}, "11": {"test": {"acc": 89.9, "teacher/acc": 89.9, "loss": 2354.118950805664, "eval": 0.4296605587005615}}, "12": {"test": {"acc": 89.8, "teacher/acc": 89.8, "loss": 2385.591787109375, "eval": 0.4413134753704071}}, "13": {"test": {"acc": 89.6, "teacher/acc": 89.6, "loss": 2294.750697631836, "eval": 0.248501718044281}}, "14": {"test": {"acc": 89.29, "teacher/acc": 89.29, "loss": 2547.332430419922, "eval": 0.33567559719085693}}, "15": {"test": {"acc": 90.06, "teacher/acc": 90.06, "loss": 2446.5015618896487, "eval": 0.3230889141559601}}, "16": {"test": {"acc": 88.7, "teacher/acc": 88.7, "loss": 2727.362864379883, "eval": 0.32895469665527344}}, "17": {"test": {"acc": 89.64, "teacher/acc": 89.64, "loss": 2286.434600830078, "eval": 0.3424140214920044}}, "18": {"test": {"acc": 89.71, "teacher/acc": 89.71, "loss": 2360.893960571289, "eval": 0.35500794649124146}}, "19": {"test": {"acc": 89.38, "teacher/acc": 89.38, "loss": 2602.2201458740233, "eval": 0.5293181538581848}}, "20": {"test": {"acc": 89.61, "teacher/acc": 89.61, "loss": 2420.745795288086, "eval": 0.4396899938583374}}, "21": {"test": {"acc": 90.16, "teacher/acc": 90.16, "loss": 2196.168842163086, "eval": 0.4043215215206146}}, "22": {"test": {"acc": 90.08, "teacher/acc": 90.08, "loss": 2532.4999389648438, "eval": 0.49540984630584717}}, "23": {"test": {"acc": 89.45, "teacher/acc": 89.45, "loss": 2606.9041815185547, "eval": 0.4702547788619995}}, "24": {"test": {"acc": 90.46, "teacher/acc": 90.46, "loss": 2321.952353515625, "eval": 0.34502750635147095}}, "epoch": 28, "train_step": 11339, "test_step": 2900, "25": {"test": {"acc": 89.79, "teacher/acc": 89.79, "loss": 2576.388793334961, "eval": 0.38274505734443665}}, "26": {"test": {"acc": 90.08, "teacher/acc": 90.08, "loss": 2426.905446166992, "eval": 0.5856198668479919}}, "27": {"test": {"acc": 89.82, "teacher/acc": 89.82, "loss": 2663.1536322021484, "eval": 0.5132444500923157}}, "28": {"test": {"acc": 90.6, "teacher/acc": 90.6, "loss": 2333.2537435913086, "eval": 0.49185776710510254}}, "train": {"28": {"acc": 98.188, "teacher/acc": 98.278, "loss": 295.25324912937094, "eval": 0.059050603174244806}}, "test": {"28": {"acc": 89.84, "teacher/acc": 90.68, "loss": 2610.3408825683596, "eval": 0.5220681284368038}}}