{"test": {"14": {"acc": 10.04, "teacher/acc": 90.68, "loss": 6.989231557846069, "eval": 540.3856280517579}}, "train": {"14": {"acc": 10.0, "teacher/acc": 10.004, "loss": 0.00023209064698104015, "eval": 12.963380418470143}}, "epoch": 49, "train_step": 6256, "test_step": 1600}