{"test": {"0": {"acc": 54.887926940890665, "loss ": 3.1365508309132615}}, "train": {}, "epoch": 1, "train_step": 0, "test_step": 1136}