{"test": {"14": {"acc": 10.06, "teacher/acc": 90.68, "loss": 4.409159891605377, "eval": 345.87299896240233}}, "train": {"14": {"acc": 10.0, "teacher/acc": 9.998, "loss": 0.00033212492242157743, "eval": 12.940195347037157}}, "epoch": 49, "train_step": 5083, "test_step": 1300}