{"test": {"0": {"acc": 86.31, "teacher/acc": 90.68, "loss": 752278.859453125, "eval": 1.5045577211678027}}, "train": {"0": {"acc": 92.69, "teacher/acc": 98.27, "loss": 111267.75598425511, "eval": 0.22253551223622564}}}