{"test": {"14": {"acc": 8.14, "teacher/acc": 90.68, "loss": 1.3500151322905425, "eval": 115.84632922130025}}, "train": {"14": {"acc": 10.0, "teacher/acc": 10.002, "loss": 0.00010912097062446776, "eval": 12.977980033211086}}, "epoch": 49, "train_step": 3128, "test_step": 628}