{"test": {"14": {"acc": 10.95, "teacher/acc": 90.68, "loss": 0.19672983894302587, "eval": 14.721684577358756}}, "train": {"14": {"acc": 10.0, "teacher/acc": 10.0, "loss": 0.0023206208806956555, "eval": 12.96579434377763}}, "epoch": 49, "train_step": 11730, "test_step": 2355}