{"test": {"14": {"acc": 8.25, "teacher/acc": 90.68, "loss": 2.499622823326451, "eval": 216.3743505781623}}, "train": {"14": {"acc": 10.0, "teacher/acc": 10.0, "loss": 0.00035031287550695163, "eval": 12.978363966393044}}, "epoch": 49, "train_step": 782, "test_step": 157}