{"test": {"14": {"acc": 8.12, "teacher/acc": 90.68, "loss": 0.8659277099370957, "eval": 79.54547996520996}}, "train": {"14": {"acc": 10.0, "teacher/acc": 10.004, "loss": 0.0004973628431233479, "eval": 12.9398353947398}}, "epoch": 49, "train_step": 4301, "test_step": 1100}