{
  "0": {
    "test": {
      "acc": 84.98,
      "teacher/acc": 84.98,
      "loss": 0.016160463532432914,
      "eval": 0.7998288869857788
    }
  },
  "1": {
    "test": {
      "acc": 84.1,
      "teacher/acc": 84.1,
      "loss": 0.0203354428242892,
      "eval": 0.6866106390953064
    }
  },
  "2": {
    "test": {
      "acc": 85.34,
      "teacher/acc": 85.34,
      "loss": 0.016508947741240263,
      "eval": 1.0161381959915161
    }
  },
  "3": {
    "test": {
      "acc": 84.96,
      "teacher/acc": 84.96,
      "loss": 0.01739815122447908,
      "eval": 0.6518969535827637
    }
  },
  "4": {
    "test": {
      "acc": 85.85,
      "teacher/acc": 85.85,
      "loss": 0.015129734659567476,
      "eval": 0.6493852138519287
    }
  },
  "epoch": 73,
  "train_step": 28934,
  "test_step": 7400,
  "5": {
    "test": {
      "acc": 86.14,
      "teacher/acc": 86.14,
      "loss": 0.016113604847341777,
      "eval": 0.6009417176246643
    }
  },
  "6": {
    "test": {
      "acc": 87.15,
      "teacher/acc": 87.15,
      "loss": 0.01473421063274145,
      "eval": 0.8811492919921875
    }
  },
  "7": {
    "test": {
      "acc": 87.7,
      "teacher/acc": 87.7,
      "loss": 0.013692250102758407,
      "eval": 0.7931241393089294
    }
  },
  "8": {
    "test": {
      "acc": 88.01,
      "teacher/acc": 88.01,
      "loss": 0.013444688152521849,
      "eval": 0.7869157195091248
    }
  },
  "9": {
    "test": {
      "acc": 86.67,
      "teacher/acc": 86.67,
      "loss": 0.013907943032681941,
      "eval": 0.6013407707214355
    }
  },
  "10": {
    "test": {
      "acc": 87.4,
      "teacher/acc": 87.4,
      "loss": 0.013977588769048453,
      "eval": 0.8049474358558655
    }
  },
  "11": {
    "test": {
      "acc": 87.25,
      "teacher/acc": 87.25,
      "loss": 0.01531175708398223,
      "eval": 0.676533043384552
    }
  },
  "12": {
    "test": {
      "acc": 87.91,
      "teacher/acc": 87.91,
      "loss": 0.01364130330272019,
      "eval": 0.6691159009933472
    }
  },
  "13": {
    "test": {
      "acc": 88.5,
      "teacher/acc": 88.5,
      "loss": 0.012649604459293187,
      "eval": 0.8475303053855896
    }
  },
  "14": {
    "test": {
      "acc": 88.18,
      "teacher/acc": 88.18,
      "loss": 0.012992649367079138,
      "eval": 0.6425122022628784
    }
  },
  "15": {
    "test": {
      "acc": 88.78,
      "teacher/acc": 88.78,
      "loss": 0.012398798954673112,
      "eval": 0.6735903024673462
    }
  },
  "16": {
    "test": {
      "acc": 88.27,
      "teacher/acc": 88.27,
      "loss": 0.012817503474652768,
      "eval": 0.7209335565567017
    }
  },
  "17": {
    "test": {
      "acc": 89.13,
      "teacher/acc": 89.13,
      "loss": 0.011879998994991182,
      "eval": 0.6800915002822876
    }
  },
  "18": {
    "test": {
      "acc": 89.11,
      "teacher/acc": 89.11,
      "loss": 0.011980820423923432,
      "eval": 0.8805452585220337
    }
  },
  "19": {
    "test": {
      "acc": 89.98,
      "teacher/acc": 89.98,
      "loss": 0.01134432850871235,
      "eval": 0.7052964568138123
    }
  },
  "20": {
    "test": {
      "acc": 88.67,
      "teacher/acc": 88.67,
      "loss": 0.01282324577216059,
      "eval": 0.7853022813796997
    }
  },
  "21": {
    "test": {
      "acc": 89.41,
      "teacher/acc": 89.41,
      "loss": 0.01151381318923086,
      "eval": 0.6222145557403564
    }
  },
  "22": {
    "test": {
      "acc": 89.61,
      "teacher/acc": 89.61,
      "loss": 0.011183329611085355,
      "eval": 0.7025502920150757
    }
  },
  "23": {
    "test": {
      "acc": 89.63,
      "teacher/acc": 89.63,
      "loss": 0.010887921219691635,
      "eval": 0.5931164026260376
    }
  },
  "24": {
    "test": {
      "acc": 87.88,
      "teacher/acc": 87.88,
      "loss": 0.015374719970859587,
      "eval": 0.84568190574646
    }
  },
  "25": {
    "test": {
      "acc": 88.98,
      "teacher/acc": 88.98,
      "loss": 0.013004427356645466,
      "eval": 0.6860013604164124
    }
  },
  "26": {
    "test": {
      "acc": 87.97,
      "teacher/acc": 87.97,
      "loss": 0.01414662901777774,
      "eval": 0.7487536668777466
    }
  },
  "27": {
    "test": {
      "acc": 90.06,
      "teacher/acc": 90.06,
      "loss": 0.01080614676233381,
      "eval": 0.5651903748512268
    }
  },
  "28": {
    "test": {
      "acc": 89.2,
      "teacher/acc": 89.2,
      "loss": 0.011879272488877178,
      "eval": 0.6284914016723633
    }
  },
  "29": {
    "test": {
      "acc": 89.37,
      "teacher/acc": 89.37,
      "loss": 0.011115284892730415,
      "eval": 0.8109914660453796
    }
  },
  "30": {
    "test": {
      "acc": 90.14,
      "teacher/acc": 90.14,
      "loss": 0.010383712151087821,
      "eval": 0.7476397156715393
    }
  },
  "31": {
    "test": {
      "acc": 89.94,
      "teacher/acc": 89.94,
      "loss": 0.01161612456664443,
      "eval": 0.5337399840354919
    }
  },
  "32": {
    "test": {
      "acc": 89.82,
      "teacher/acc": 89.82,
      "loss": 0.011834125556051732,
      "eval": 0.6980656981468201
    }
  },
  "33": {
    "test": {
      "acc": 89.76,
      "teacher/acc": 89.76,
      "loss": 0.011600354360416532,
      "eval": 0.6738186478614807
    }
  },
  "34": {
    "test": {
      "acc": 89.5,
      "teacher/acc": 89.5,
      "loss": 0.011811865814961494,
      "eval": 0.5818920135498047
    }
  },
  "35": {
    "test": {
      "acc": 90.4,
      "teacher/acc": 90.4,
      "loss": 0.010414128261618315,
      "eval": 0.5011281371116638
    }
  },
  "36": {
    "test": {
      "acc": 90.08,
      "teacher/acc": 90.08,
      "loss": 0.010308180144056678,
      "eval": 0.4928167760372162
    }
  },
  "37": {
    "test": {
      "acc": 90.35,
      "teacher/acc": 90.35,
      "loss": 0.010892902621999384,
      "eval": 0.7336869239807129
    }
  },
  "38": {
    "test": {
      "acc": 90.27,
      "teacher/acc": 90.27,
      "loss": 0.010564286136068404,
      "eval": 0.5050514340400696
    }
  },
  "39": {
    "test": {
      "acc": 89.74,
      "teacher/acc": 89.74,
      "loss": 0.011550598568283022,
      "eval": 0.8003132343292236
    }
  },
  "40": {
    "test": {
      "acc": 89.38,
      "teacher/acc": 89.38,
      "loss": 0.010528484261594712,
      "eval": 0.5176190137863159
    }
  },
  "41": {
    "test": {
      "acc": 89.28,
      "teacher/acc": 89.28,
      "loss": 0.011936291605234146,
      "eval": 0.7404022812843323
    }
  },
  "42": {
    "test": {
      "acc": 89.42,
      "teacher/acc": 89.42,
      "loss": 0.012621189230121671,
      "eval": 0.7876741290092468
    }
  },
  "43": {
    "test": {
      "acc": 89.66,
      "teacher/acc": 89.66,
      "loss": 0.012012547124177217,
      "eval": 0.7305334210395813
    }
  },
  "44": {
    "test": {
      "acc": 89.9,
      "teacher/acc": 89.9,
      "loss": 0.01188781469129026,
      "eval": 0.6751973032951355
    }
  },
  "45": {
    "test": {
      "acc": 90.85,
      "teacher/acc": 90.85,
      "loss": 0.01036381684243679,
      "eval": 0.7474055290222168
    }
  },
  "46": {
    "test": {
      "acc": 89.56,
      "teacher/acc": 89.56,
      "loss": 0.012698220158927142,
      "eval": 0.9321078658103943
    }
  },
  "47": {
    "test": {
      "acc": 90.87,
      "teacher/acc": 90.87,
      "loss": 0.010395699334330856,
      "eval": 0.6822954416275024
    }
  },
  "48": {
    "test": {
      "acc": 90.91,
      "teacher/acc": 90.91,
      "loss": 0.009880265821702778,
      "eval": 0.6520808339118958
    }
  },
  "49": {
    "test": {
      "acc": 90.55,
      "teacher/acc": 90.55,
      "loss": 0.010196737237274647,
      "eval": 0.6511939167976379
    }
  },
  "50": {
    "test": {
      "acc": 89.96,
      "teacher/acc": 89.96,
      "loss": 0.010596112627536059,
      "eval": 0.46645042300224304
    }
  },
  "51": {
    "test": {
      "acc": 90.74,
      "teacher/acc": 90.74,
      "loss": 0.010022338246926665,
      "eval": 0.5510993003845215
    }
  },
  "52": {
    "test": {
      "acc": 90.58,
      "teacher/acc": 90.58,