{"test": {"14": {"acc": 10.15, "teacher/acc": 90.68, "loss": 5.360547847808546, "eval": 457.0472519018088}}, "train": {"14": {"acc": 10.0, "teacher/acc": 10.0, "loss": 0.00014281884871583726, "eval": 12.971247137659956}}, "epoch": 49, "train_step": 10166, "test_step": 2041}