{
  "0": {
    "test": {
      "acc": 92.07,
      "teacher/acc": 92.07,
      "loss": 2.0142919396448633e-07,
      "eval": 0.3861343264579773
    }
  },
  "epoch": 0,
  "train_step": 391,
  "test_step": 100
}