{"test": {"14": {"acc": 10.21, "teacher/acc": 90.68, "loss": 0.6173398728203622, "eval": 43.71872101316027}}, "train": {"14": {"acc": 10.0, "teacher/acc": 10.0, "loss": 0.004608290894623951, "eval": 12.970457405080575}}, "epoch": 49, "train_step": 11730, "test_step": 2355}