{"test": {"399": {"acc": 93.94, "loss ": 0.45354159438516944}}, "train": {"399": {"acc": 99.876, "loss ": 0.00302980641313844}}, "epoch": 400, "train_step": 156400, "test_step": 40000}