{"test": {"14": {"acc": 9.92, "teacher/acc": 90.68, "loss": 4.188127789497376, "eval": 349.9886492919922}}, "train": {"14": {"acc": 10.0, "teacher/acc": 10.0, "loss": 0.0002505569637644693, "eval": 12.96994890032522}}, "epoch": 49, "train_step": 3519, "test_step": 900}