{"test": {"0": {"acc": 89.79, "teacher/acc": 90.68, "loss": 24.496070680618285, "eval": 0.4896698397397995}}, "train": {"0": {"acc": 98.31, "teacher/acc": 98.214, "loss": 2.6481108257304067, "eval": 0.05272947633138779}}, "epoch": 0, "train_step": 391, "test_step": 100}