{"0": {"test": {"acc": 10.25, "teacher/acc": 10.25, "loss": 730765.7978723145, "eval": 418.70428466796875}}, "epoch": 0, "train_step": 1173, "test_step": 300, "train": {"0": {"acc": 30.666, "teacher/acc": 98.258, "loss": 86.56208048086337, "eval": 1.7308938908759894}}, "test": {"0": {"acc": 32.16, "teacher/acc": 90.68, "loss": 11741.660800857544, "eval": 234.8113658428192}}}