{"0": {"test": {"acc": 89.12, "teacher/acc": 89.12, "loss": 264406.9234375, "eval": 0.5508654713630676}}, "1": {"test": {"acc": 90.51, "teacher/acc": 90.51, "loss": 212131.554453125, "eval": 0.48080143332481384}}, "2": {"test": {"acc": 90.2, "teacher/acc": 90.2, "loss": 231697.69078125, "eval": 0.3976898491382599}}, "3": {"test": {"acc": 90.0, "teacher/acc": 90.0, "loss": 249469.2640234375, "eval": 0.5957845449447632}}, "4": {"test": {"acc": 90.35, "teacher/acc": 90.35, "loss": 231215.7741796875, "eval": 0.46285492181777954}}, "5": {"test": {"acc": 89.98, "teacher/acc": 89.98, "loss": 238342.9914453125, "eval": 0.5262610912322998}}, "6": {"test": {"acc": 90.98, "teacher/acc": 90.98, "loss": 209183.82328125, "eval": 0.4113571047782898}}, "epoch": 18, "train_step": 7429, "test_step": 1900, "7": {"test": {"acc": 90.7, "teacher/acc": 90.7, "loss": 226552.3144921875, "eval": 0.6574724316596985}}, "8": {"test": {"acc": 89.98, "teacher/acc": 89.98, "loss": 248245.4072265625, "eval": 0.9262647032737732}}, "9": {"test": {"acc": 90.53, "teacher/acc": 90.53, "loss": 228084.627265625, "eval": 0.6300833821296692}}, "10": {"test": {"acc": 90.73, "teacher/acc": 90.73, "loss": 227049.45548828124, "eval": 0.45524466037750244}}, "11": {"test": {"acc": 90.57, "teacher/acc": 90.57, "loss": 226811.6801953125, "eval": 0.43017852306365967}}, "12": {"test": {"acc": 90.97, "teacher/acc": 90.97, "loss": 203879.0071875, "eval": 0.2981557548046112}}, "13": {"test": {"acc": 90.38, "teacher/acc": 90.38, "loss": 236651.5482421875, "eval": 0.48719823360443115}}, "14": {"test": {"acc": 90.73, "teacher/acc": 90.73, "loss": 237344.83698242187, "eval": 0.6041293740272522}}, "15": {"test": {"acc": 90.57, "teacher/acc": 90.57, "loss": 222658.6353125, "eval": 0.582195520401001}}, "16": {"test": {"acc": 90.19, "teacher/acc": 90.19, "loss": 237851.3290234375, "eval": 0.7306585907936096}}, "17": {"test": {"acc": 90.19, "teacher/acc": 90.19, "loss": 275711.8925, "eval": 0.721947431564331}}, "18": {"test": {"acc": 91.09, "teacher/acc": 91.09, "loss": 215947.8407421875, "eval": 0.4764408767223358}}}