{"test": {"14": {"acc": 8.33, "teacher/acc": 90.68, "loss": 1.7105624997615814, "eval": 141.54490783691406}}, "train": {"14": {"acc": 10.0, "teacher/acc": 10.0, "loss": 0.0003177040786383545, "eval": 12.943537199893571}}, "epoch": 49, "train_step": 5474, "test_step": 1400}